,Title,Address,Bedroom,Bathroom,Price
0,Brentford at The Mile,"7970 Maitland St, McLean, VA 22102",Na,Na,Na
1,House for Rent,"5929 Merritt Place, Falls Church, VA 22041",5,3.0,4150 per month
2,Townes at Herndon,"508 Pride Ave, Herndon, VA 20170",Na,Na,Na
3,Townhouse for Rent,Unlisted Address,3,3.5,2775 per month
4,House for Rent,"703 Morningside Ct, Herndon, VA 20170",5,2.0,3300 per month
5,Townhouse for Rent,"5455 New London Park Dr, Fairfax, VA 22032",3,4.0,2700 per month
6,Townhouse for Rent,"14312 Beckett Glen Cir, Chantilly, VA 20151",3,5.0,4800 per month
7,House for Rent,"12665 Magna Carta Rd, Herndon, VA 20171",3,2.0,2800 per month
8,House for Rent,"1710 Palm Springs Dr, Vienna, VA 22182",4,2.5,3750 per month
9,Townhouse for Rent,"2013 Approach Ln, Reston, VA 20191",3,2.5,2750 per month
10,House for Rent,"7813 Mulberry Bottom Ln, Springfield, VA 22153",4,2.5,3800 per month
11,House for Rent,"5825 Biscayne Dr, Alexandria, VA 22303",4,2.0,3000 per month
12,Townhouse for Rent,"5415 Helm Ct, Fairfax, VA 22032",4,3.5,3200 per month
13,Townhouse for Rent,"2438 Ridgehampton Ct, Reston, VA 20191",2,3.0,2500 per month
14,Townhouse for Rent,"3160 Yeager Dr, Herndon, VA 20171",5,4.5,3500 per month
15,House for Rent,"3015 Fairmont St, Falls Church, VA 22042",5,2.5,3750 per month
16,Townhouse for Rent,"8046 Reserve Way, Vienna, VA 22182",3,2.5,4000 per month
17,Townhouse for Rent,"8043 Reserve Way, Vienna, VA 22182",4,3.5,4200 per month
18,House for Rent,"3506 Beverly Dr, Annandale, VA 22003",4,3.0,3800 per month
19,House for Rent,"855 Nicholas Run Dr, Great Falls, VA 22066",7,9.0,14000 per month
20,House for Rent,"12305 Myterra Way, Herndon, VA 20171",4,3.0,3750 per month
21,House for Rent,"9521 Rockport Rd, Vienna, VA 22180",4,3.0,3750 per month
22,Townhouse for Rent,"3873 Billberry Dr, Fairfax, VA 22033",4,3.5,4500 per month
23,House for Rent,"10610 Cavalcade St, Great Falls, VA 22066",3,2.5,3050 per month
24,House for Rent,"862 Centrillion Dr, McLean, VA 22102",5,7.0,12000 per month
25,Townhouse for Rent,"2816 Kelly Square, Vienna, VA 22181",3,3.5,3200 per month
26,House for Rent,"1720 Beulah Rd, Vienna, VA 22182",3,3.0,3700 per month
27,Townhouse for Rent,"9463 Canonbury Square, Fairfax, VA 22031",4,3.5,3750 per month
28,House for Rent,"1105 Westbriar Ct NE, Vienna, VA 22180",3,2.5,3900 per month
29,Townhouse for Rent,"3690 Yorktown Village Pass, Annandale, VA 22003",3,4.0,3000 per month
30,House for Rent,"6464 Third St, Alexandria, VA 22312",3,3.5,2650 per month
31,House for Rent,"14509 William Carr Ln, Centreville, VA 20120",3,2.5,3000 per month
32,Townhouse for Rent,"8067 Nicosh Circle Ln Unit 56, Falls Church, VA 22042",3,3.0,3400 per month
33,House for Rent,"2047 Haycock Rd, Falls Church, VA 22043",8,7.0,6800 per month
34,Townhouse for Rent,"6923 Mclean Park Manor Ct, McLean, VA 22101",4,2.5,4250 per month
35,Townhouse for Rent,"2281 Emerald Heights Ct, Reston, VA 20191",3,2.5,2500 per month
36,Townhouse for Rent,"9557 Hagel Cir Unit B, Lorton, VA 22079",2,Na,1750 per month
37,Townhouse for Rent,"11425 Abner Ave, Fairfax, VA 22030",3,4.0,3000 per month
38,Townhouse for Rent,"2533 James Maury Dr, Herndon, VA 20171",3,4.0,2600 per month
39,House for Rent,"7907 Laural Valley Way, Springfield, VA 22153",4,3.5,3850 per month
40,Townhouse for Rent,"14634 Battery Ridge Ln, Centreville, VA 20120",3,3.5,2700 per month
41,Townhouse for Rent,"3858 Elmwood Towne Way, Alexandria, VA 22303",3,3.5,3595 per month
42,House for Rent,"10418 Willow Crest Ct, Vienna, VA 22182",6,4.5,7900 per month
43,House for Rent,"1721 Pebble Beach Dr, Vienna, VA 22182",5,3.5,4500 per month
44,Townhouse for Rent,"3403 Wheatwheel Ln, Annandale, VA 22003",3,3.5,2900 per month
45,House for Rent,"3220 Wayne Rd, Falls Church, VA 22042",4,3.0,4750 per month
46,Townhouse for Rent,"13327 Foxhole Dr, Fairfax, VA 22033",3,3.5,2750 per month
47,House for Rent,"6514 Berkshire Dr, Alexandria, VA 22310",2,2.0,3000 per month
48,House for Rent,"2123 Owls Cove Ln, Reston, VA 20191",3,2.0,3700 per month
49,House for Rent,"7815 Bristow Dr, Annandale, VA 22003",4,2.0,3600 per month
50,Townhouse for Rent,"7448 Pohick Rd, Lorton, VA 22079",3,2.5,2650 per month
51,House for Rent,"5906 Oak Leather Dr, Burke, VA 22015",3,2.5,3145 per month
52,House for Rent,"13079 Greg Roy Ln, Herndon, VA 20171",4,4.5,3700 per month
53,Townhouse for Rent,"3053 Meeting St, Falls Church, VA 22044",3,3.5,3500 per month
54,Townhouse for Rent,"1413 Green Run Ln, Reston, VA 20190",3,2.0,2900 per month
55,House for Rent,"2440 Carey Ln, Vienna, VA 22181",4,4.0,4850 per month
56,Townhouse for Rent,"2042 Headlands Cir, Reston, VA 20191",3,3.5,2900 per month
57,Townhouse for Rent,"4016 Rosemeade Dr, Fairfax, VA 22033",3,3.5,3000 per month
58,Townhouse for Rent,"2077 Hopewood Dr, Falls Church, VA 22043",3,2.5,4250 per month
59,House for Rent,"2411 Jackson Pkwy, Vienna, VA 22180",4,3.0,8000 per month
60,House for Rent,"3816 Ridgelea Dr, Fairfax, VA 22031",4,3.5,3800 per month
61,House for Rent,"1451 Pathfinder Ln, McLean, VA 22101",4,2.5,5300 per month
62,House for Rent,"5913 Poyntz Place, Alexandria, VA 22310",4,3.0,3800 per month
63,Townhouse for Rent,"5848 Watermark Cir, Centreville, VA 20120",3,4.0,3000 per month
64,Townhouse for Rent,"6010 Lands End Ln, Alexandria, VA 22315",3,4.0,3200 per month
65,House for Rent,"11153 Byrd Dr, Fairfax, VA 22030",5,2.0,3250 per month
66,House for Rent,"6805 Tennyson Dr, McLean, VA 22101",4,3.0,3800 per month
67,Townhouse for Rent,"8093 Steeple Chase Ct, Springfield, VA 22153",3,3.0,2700 per month
68,House for Rent,"8301 Deep Valley Ct, Springfield, VA 22153",4,3.5,3500 per month
69,Townhouse for Rent,"8179 Curving Creek Ct, Springfield, VA 22153",3,2.5,2595 per month
70,Townhouse for Rent,"1528 Poplar Grove Dr, Reston, VA 20194",3,4.0,3000 per month
71,House for Rent,"8811 Parliament Dr, Springfield, VA 22151",4,2.5,3100 per month
72,House for Rent,"7951 Hidden Bridge Dr, Springfield, VA 22153",3,4.0,3000 per month
73,Townhouse for Rent,"1110 Floyd Place, Herndon, VA 20170",3,4.0,2550 per month
74,Townhouse for Rent,"13126 Plotner Farm Rd, Herndon, VA 20171",3,3.5,3000 per month
75,House for Rent,"6649 Tansey Dr, Falls Church, VA 22042",6,4.5,6000 per month
76,House for Rent,"14828 Wood Home Rd, Centreville, VA 20120",5,3.0,3850 per month
77,Townhouse for Rent,"6167 Stonepath Cir, Centreville, VA 20120",3,3.0,2600 per month
78,House for Rent,"6795 Stockwell Manor Dr, Falls Church, VA 22043",5,4.5,6000 per month
79,Townhouse for Rent,"1380 Park Garden Ln, Reston, VA 20194",3,3.5,3400 per month
80,House for Rent,"6208 Tally Ho Ln, Alexandria, VA 22307",3,3.5,4000 per month
81,House for Rent,"7611 Holiday Dr, Alexandria, VA 22308",3,3.0,4000 per month
82,Townhouse for Rent,"7804 Colonial Springs Blvd, Alexandria, VA 22306",3,2.5,2900 per month
83,House for Rent,"6609 Berkshire Dr, Alexandria, VA 22310",4,2.0,3300 per month
84,Townhouse for Rent,"8230 Crestmont Cir, Springfield, VA 22153",2,2.0,2100 per month
85,House for Rent,"5925 Brookview Dr, Alexandria, VA 22310",3,2.5,3500 per month
86,Townhouse for Rent,"5035 Cool Fountain Ln, Centreville, VA 20120",3,4.0,2800 per month
87,Townhouse for Rent,"13588 Big Boulder Rd, Herndon, VA 20171",4,3.5,3200 per month
88,Townhouse for Rent,"1679 Bayfield Way, Reston, VA 20194",3,2.5,3000 per month
89,Townhouse for Rent,"6644 Elk Park Ct, Alexandria, VA 22310",3,2.5,2825 per month
90,Townhouse for Rent,"2646 Jetstream Rd, Oak Hill, VA 20171",4,4.0,3290 per month
91,House for Rent,"9810 Meadow Dale Ct, Vienna, VA 22181",4,2.5,3900 per month
92,House for Rent,"6124 Union Village Dr, Clifton, VA 20124",5,3.5,4000 per month
93,Townhouse for Rent,"8367 Millwood Dr, Springfield, VA 22152",3,2.5,3400 per month
94,Townhouse for Rent,"1451 Bluemont Ct, Herndon, VA 20170",3,3.5,3400 per month
95,Townhouse for Rent,"9068 Blarney Stone Dr, Springfield, VA 22152",3,3.5,3000 per month
96,House for Rent,"12018 Stuart Ridge Dr, Herndon, VA 20170",5,3.0,3200 per month
97,Townhouse for Rent,"7718 Lafayette Forest Dr Unit 11, Annandale, VA 22003",2,2.0,2200 per month
98,Townhouse for Rent,"6336 Chimney Wood Ct, Alexandria, VA 22306",2,2.5,2550 per month
99,House for Rent,"7035 Quander Rd, Alexandria, VA 22307",3,3.0,3695 per month
100,Townhouse for Rent,"2104 Eluna Ct, Vienna, VA 22182",3,3.5,3400 per month
101,House for Rent,"5430 Ashleigh Rd, Fairfax, VA 22030",5,4.5,4300 per month
102,Townhouse for Rent,"10629 Lakeside Oak Ct, Burke, VA 22015",3,4.0,3000 per month
103,House for Rent,"7432 Berwick Ct, Alexandria, VA 22315",4,2.5,3350 per month
104,Townhouse for Rent,"7222 Evanston Rd, Springfield, VA 22150",3,2.5,3150 per month
105,Townhouse for Rent,"2926 Bridgehampton Ct, Falls Church, VA 22042",3,4.0,3400 per month
106,Townhouse for Rent,"2013 Gallows Tree Ct, Vienna, VA 22182",3,4.0,3700 per month
107,Townhouse for Rent,"6012 Kestner Cir, Alexandria, VA 22315",3,3.5,3000 per month
108,Townhouse for Rent,"3903 Barcroft Mews Ct, Falls Church, VA 22041",3,3.5,3700 per month
109,House for Rent,"4400 Kerrybrooke Dr, Alexandria, VA 22310",5,3.0,3600 per month
110,Townhouse for Rent,"1803 Fawncrest Ct, Vienna, VA 22182",3,4.0,4300 per month
111,House for Rent,"5134 1st Rd, Fairfax, VA 22030",5,4.5,5800 per month
112,House for Rent,"6526 Dearborn Dr, Falls Church, VA 22044",5,5.0,6500 per month
113,House for Rent,"8316 Idylwood Rd, Vienna, VA 22182",4,4.0,4500 per month
114,Townhouse for Rent,"6327 Summer Moon Ln, Alexandria, VA 22312",4,2.5,3300 per month
115,House for Rent,"636 Walker Rd, Great Falls, VA 22066",4,2.0,3750 per month
116,Townhouse for Rent,"2640 Jetstream Rd, Herndon, VA 20171",3,3.0,3100 per month
117,Townhouse for Rent,"7804 Locust Leaf Ln, Alexandria, VA 22315",3,4.0,3400 per month
118,Townhouse for Rent,"1708 Anderson Rd, McLean, VA 22102",3,5.0,5200 per month
119,Townhouse for Rent,"6533 Tartan Vista Dr, Alexandria, VA 22312",2,3.5,3750 per month
120,Townhouse for Rent,"3020 Southern Elm Ct, Fairfax, VA 22031",4,3.5,3200 per month
121,House for Rent,"8008 Sandburg Ct, Dunn Loring, VA 22027",5,3.5,5295 per month
122,House for Rent,"8411 Cottage St, Vienna, VA 22180",4,2.5,3600 per month
123,Townhouse for Rent,"2670 Glengyle Dr Unit 51, Vienna, VA 22181",2,1.5,2350 per month
124,House for Rent,"1008 Kimberly Place, Great Falls, VA 22066",4,4.5,6500 per month
125,House for Rent,"1311 Summerwood Ct, McLean, VA 22102",5,6.0,12500 per month
126,Townhouse for Rent,"14373 Saint Germain Dr, Centreville, VA 20121",2,1.5,2100 per month
127,House for Rent,"4512 Gage Rd, Alexandria, VA 22309",6,3.5,4200 per month
128,Townhouse for Rent,"7737 Legere Ct Unit 36, McLean, VA 22102",3,5.0,4995 per month
129,Townhouse for Rent,"9419 Colonade Dr, Vienna, VA 22181",3,4.0,3650 per month
130,Townhouse for Rent,"8271 Shannons Landing Way, Lorton, VA 22079",3,2.5,3300 per month
131,Townhouse for Rent,"13387 Launders St Unit 76, Herndon, VA 20171",3,2.5,2900 per month
132,Townhouse for Rent,"2038 Swans Neck Way, Reston, VA 20191",3,3.5,2925 per month
133,Townhouse for Rent,"9170 Broken Oak Place Unit 66B, Burke, VA 22015",3,2.5,2700 per month
134,House for Rent,"5140 Pumphrey Dr, Fairfax, VA 22032",4,2.5,3500 per month
135,Townhouse for Rent,"8844 Mansion View Ct, Vienna, VA 22182",3,3.5,3695 per month
136,Townhouse for Rent,"2926 Mainstone Dr, Fairfax, VA 22031",3,4.0,4000 per month
137,House for Rent,"4004 David Ln, Alexandria, VA 22311",4,2.0,3400 per month
138,House for Rent,"634 Springvale Rd, Great Falls, VA 22066",5,3.5,7200 per month
139,Townhouse for Rent,"5575 Glasgow Woods Ct, Fairfax, VA 22032",3,4.0,2650 per month
140,Townhouse for Rent,"9669 Scotch Haven Dr, Vienna, VA 22181",3,4.0,3400 per month
141,Townhouse for Rent,"5503 Akridge Ct, Fairfax, VA 22032",3,3.5,3000 per month
142,House for Rent,"8206 Light Horse Ct, Annandale, VA 22003",5,3.0,4200 per month
143,Townhouse for Rent,"11866 Saint Trinians Ct, Reston, VA 20191",3,3.5,2895 per month
144,Townhouse for Rent,"2106 Farrington Ave, Alexandria, VA 22303",2,2.0,2400 per month
145,Townhouse for Rent,"6706 Jenny Leigh Ct, Centreville, VA 20121",3,3.5,2600 per month
146,Townhouse for Rent,"2100 Ferguson Place, Herndon, VA 20170",3,1.5,2350 per month
147,Townhouse for Rent,"6365 Brampton Ct, Alexandria, VA 22304",3,5.0,3950 per month
148,Townhouse for Rent,"5265 Broadwing Place, Alexandria, VA 22312",4,3.5,3500 per month
149,Townhouse for Rent,"9275 Laurel Ridge Crossing Rd, Lorton, VA 22079",3,3.5,3300 per month
150,House for Rent,"1632 Morrill Ct, McLean, VA 22101",5,3.0,4750 per month
151,House for Rent,"1751 Tysons Crest Ln, Vienna, VA 22182",6,5.5,7500 per month
152,Townhouse for Rent,"13011 Park Crescent Cir, Herndon, VA 20171",3,5.0,3250 per month
153,House for Rent,"4607 Exeter St, Annandale, VA 22003",4,3.5,3400 per month
154,House for Rent,"7620 Maritime Ln, Springfield, VA 22153",4,3.0,3400 per month
155,House for Rent,"4510 Andes Ct, Fairfax, VA 22030",4,2.0,3000 per month
156,House for Rent,"7406 Calamo St, Springfield, VA 22150",4,3.0,4000 per month
157,Townhouse for Rent,"3138 Borge St, Oakton, VA 22124",3,3.5,3500 per month
158,Townhouse for Rent,"13009 Hattontown Square, Oak Hill, VA 20171",4,4.5,4000 per month
159,Townhouse for Rent,"8621 Rocky Gap Ct, Lorton, VA 22079",3,4.0,2700 per month
160,House for Rent,"2464 Arctic Fox Way, Reston, VA 20191",5,3.5,3695 per month
161,Townhouse for Rent,"6022 Westbourne Place, Centreville, VA 20120",3,3.5,2495 per month
162,Townhouse for Rent,"14621 Stream Pond Dr, Centreville, VA 20120",4,3.5,2899 per month
163,House for Rent,"2003 Windmill Ln, Alexandria, VA 22307",5,3.5,5000 per month
164,Townhouse for Rent,"6398 Dakine Cir, Springfield, VA 22150",3,5.0,3100 per month
165,House for Rent,"10116 Garrett St, Vienna, VA 22181",4,2.5,3225 per month
166,Townhouse for Rent,"4227 Moselle Dr, Chantilly, VA 20151",4,3.0,2550 per month
167,House for Rent,"4609 Deming Ave, Alexandria, VA 22312",5,2.5,3350 per month
168,Townhouse for Rent,"2653 Park Tower Dr Unit 5/110, Vienna, VA 22180",2,2.5,2800 per month
169,House for Rent,"1125 Basil Rd, McLean, VA 22101",5,5.0,12000 per month
170,House for Rent,"7531 Fisher Dr, Falls Church, VA 22043",6,5.5,5700 per month
171,House for Rent,"5997 Clerkenwell Ct, Burke, VA 22015",3,2.5,2800 per month
172,House for Rent,"8412 Leaf Rd, Alexandria, VA 22309",3,2.0,3180 per month
173,House for Rent,"610 Meadow Ln SW, Vienna, VA 22180",6,5.5,6200 per month
174,House for Rent,"6805 Glenmont St, Falls Church, VA 22042",3,2.0,3500 per month
175,Townhouse for Rent,"13349 Shea Place, Herndon, VA 20170",2,1.5,2200 per month
176,Townhouse for Rent,"6388 Stagg Ct, Springfield, VA 22150",4,3.5,3000 per month
177,Townhouse for Rent,"14496 Cool Oak Ln, Centreville, VA 20121",3,1.5,2400 per month
178,House for Rent,"12925 Wheatland Rd, Fairfax, VA 22033",4,3.5,4100 per month
179,House for Rent,"9731 Loch Linden Ct, Fairfax, VA 22032",4,2.5,4000 per month
180,House for Rent,"1501 Shenandoah Rd, Alexandria, VA 22308",6,4.5,7250 per month
181,House for Rent,"1118 Collingwood Rd, Alexandria, VA 22308",4,3.0,4650 per month
182,House for Rent,"4021 Oxford St, Annandale, VA 22003",4,3.0,3550 per month
183,House for Rent,"1642 Evers Dr, McLean, VA 22101",3,2.5,4100 per month
184,House for Rent,"3139 Barbara Ln, Fairfax, VA 22031",5,2.0,3650 per month
185,Townhouse for Rent,"9350 Sweetbay Magnolia Ct, Fairfax, VA 22031",3,3.5,4100 per month
186,Townhouse for Rent,"6227 Split Creek Ln, Alexandria, VA 22312",3,4.0,3295 per month
187,House for Rent,"9032 Mcnair Dr, Alexandria, VA 22309",5,3.0,3650 per month
188,Townhouse for Rent,"1119 Moorefield Hill Ct SW, Vienna, VA 22180",3,2.5,3000 per month
189,Townhouse for Rent,"9523 Poplar Leaf Ct, Fairfax, VA 22031",3,2.5,2750 per month
190,Townhouse for Rent,"2318 Millennium Ln, Reston, VA 20191",4,3.5,3800 per month
191,Townhouse for Rent,"6830 Wild Rose Ct, Springfield, VA 22152",3,4.0,2975 per month
192,House for Rent,"5124 Richardson Dr, Fairfax, VA 22032",4,2.5,3200 per month
193,House for Rent,"5913 Freds Oak Rd, Burke, VA 22015",4,3.5,3800 per month
194,House for Rent,"1365 Northwyck Ct, McLean, VA 22102",5,4.5,6500 per month
195,Townhouse for Rent,"2306 Emerald Heights Ct, Reston, VA 20191",3,4.0,2650 per month
196,House for Rent,"12629 Fantasia Dr, Herndon, VA 20170",3,2.0,3200 per month
197,House for Rent,"5819 Fifer Dr, Alexandria, VA 22303",3,2.0,2850 per month
198,Townhouse for Rent,"6330 James Harris Way, Centreville, VA 20121",3,2.5,2800 per month
199,House for Rent,"821 Van Buren St, Herndon, VA 20170",4,4.0,3000 per month
200,Townhouse for Rent,"1626 Valencia Way, Reston, VA 20190",3,4.0,2950 per month
201,House for Rent,"4631 Tara Dr, Fairfax, VA 22032",4,3.0,3200 per month
202,House for Rent,"3821 Bosworth Ct, Fairfax, VA 22031",5,3.5,5800 per month
203,Townhouse for Rent,"12065 Trumbull Way, Reston, VA 20190",2,2.5,2750 per month
204,House for Rent,"47773 Rafter Ct, Sterling, VA 20165",4,3.5,1800 per month
205,House for Rent,"12501 Bunche Rd, Fairfax, VA 22030",5,4.5,6000 per month
206,Townhouse for Rent,"13326 Burrough Farm Dr, Herndon, VA 20171",3,3.5,2600 per month
207,House for Rent,"9343 Kite St, Burke, VA 22015",3,3.0,3400 per month
208,Townhouse for Rent,"8078 Sebon Dr, Vienna, VA 22180",2,1.5,4300 per month
209,Townhouse for Rent,"14005 Betsy Ross Ln, Centreville, VA 20121",3,3.5,2700 per month
210,House for Rent,"6125 Old Dominion Dr, McLean, VA 22101",5,6.0,9800 per month
211,House for Rent,"3713 Elmwood Dr, Alexandria, VA 22303",5,4.5,3750 per month
212,Townhouse for Rent,"13150 Ashnut Ln, Herndon, VA 20171",3,3.5,2850 per month
213,Townhouse for Rent,"2810 Roesh Way, Vienna, VA 22181",3,3.5,3500 per month
214,House for Rent,"10311 Hickory Creek Ct, Great Falls, VA 22066",4,3.5,6000 per month
215,Townhouse for Rent,"11114 Lakespray Way, Reston, VA 20191",3,3.5,3800 per month
216,Townhouse for Rent,"6605 Mclean Ct, McLean, VA 22101",4,3.5,4200 per month
217,House for Rent,"5924 Chesterbrook Rd, McLean, VA 22101",5,4.5,8000 per month
218,Townhouse for Rent,"6514 Trask Terrace, Alexandria, VA 22315",3,3.5,3695 per month
219,House for Rent,"6656 Kerns Rd, Falls Church, VA 22042",5,4.0,5000 per month
220,Townhouse for Rent,"4259 Upper Park Dr, Fairfax, VA 22030",4,3.5,3600 per month
221,Townhouse for Rent,"7671 Wolford Way, Lorton, VA 22079",3,2.5,2750 per month
222,House for Rent,"7126 Gormel Dr, Springfield, VA 22150",3,2.5,3400 per month
223,Townhouse for Rent,"2312 Victory Dr, Alexandria, VA 22303",2,2.0,2575 per month
224,Townhouse for Rent,"6117 Madison Crest Ct, Falls Church, VA 22041",2,3.5,2900 per month
225,Townhouse for Rent,"9075 Giltinan Ct, Springfield, VA 22153",3,2.5,2900 per month
226,House for Rent,"6104 Bluffdale Ct, Clifton, VA 20124",4,2.5,3750 per month
227,House for Rent,"14511 Picket Oaks Rd, Centreville, VA 20121",4,3.5,4300 per month
228,Townhouse for Rent,"6609 Anthony Crest Square, McLean, VA 22101",3,3.5,4500 per month
229,Townhouse for Rent,"4275 Sleepy Lake Dr, Fairfax, VA 22033",3,4.0,2990 per month
230,Townhouse for Rent,"1506 Autumn Ridge Cir, Reston, VA 20194",2,3.5,2700 per month
231,House for Rent,"4714 Western St, Fairfax, VA 22030",5,3.5,4200 per month
232,Townhouse for Rent,"9516 Hagel Cir Unit 4/A, Lorton, VA 22079",2,Na,1725 per month
233,House for Rent,"8811 Higdon Dr, Vienna, VA 22182",4,2.5,3300 per month
234,Townhouse for Rent,"11720 Dry River Ct, Reston, VA 20191",3,4.0,3000 per month
235,Townhouse for Rent,"7341 Crestleigh Cir, Alexandria, VA 22315",3,4.0,2900 per month
236,Townhouse for Rent,"5340 Harbor Court Dr, Alexandria, VA 22315",3,2.5,2900 per month
237,Townhouse for Rent,"6531 Brick Hearth Ct, Alexandria, VA 22306",2,3.5,2700 per month
238,Townhouse for Rent,"6428 Gildar St, Alexandria, VA 22310",3,2.5,3300 per month
239,House for Rent,"2710 Elsmore St, Fairfax, VA 22031",5,3.0,4100 per month
240,House for Rent,"10208 Commonwealth Blvd, Fairfax, VA 22032",4,2.5,3200 per month
241,Townhouse for Rent,"2471 Fox Trot Terrace, Reston, VA 20191",2,1.5,2200 per month
242,House for Rent,"7725 Marthas Ln, Falls Church, VA 22043",3,2.0,3350 per month
243,Townhouse for Rent,"13943 Airfoil Rd, Herndon, VA 20171",4,4.5,2950 per month
244,House for Rent,"6937 Confederate Ridge Ln, Centreville, VA 20121",4,2.5,3300 per month
245,House for Rent,"3709 Whispering Ln, Falls Church, VA 22041",5,4.0,4900 per month
246,Townhouse for Rent,"13689 Neil Armstrong Ave, Herndon, VA 20171",4,4.5,4100 per month
247,House for Rent,"8207 Madrillon Estates Dr, Vienna, VA 22182",5,4.5,5500 per month
248,House for Rent,"2503 Fleming St, Alexandria, VA 22306",3,2.5,3495 per month
249,Townhouse for Rent,"2818 Oakton Manor Ct, Oakton, VA 22124",3,3.0,3200 per month
250,House for Rent,"2600 Kirklyn St, Falls Church, VA 22043",4,3.0,3400 per month
251,House for Rent,"8471 Misty Blue Ct, Springfield, VA 22153",4,2.0,2995 per month
252,House for Rent,"3304 Horseman Ln, Falls Church, VA 22042",3,2.5,4000 per month
253,House for Rent,"11002 Warwickshire Dr, Great Falls, VA 22066",4,2.5,4750 per month
254,House for Rent,"1312 Darnall Dr, McLean, VA 22101",5,4.0,5000 per month
255,House for Rent,"3309 Highland Ln, Fairfax, VA 22031",5,5.5,8500 per month
256,Townhouse for Rent,"3045 Federal Hill Dr, Falls Church, VA 22044",4,3.5,3500 per month
257,Townhouse for Rent,"7374 Blade Dr, Falls Church, VA 22042",3,3.5,4000 per month
258,Townhouse for Rent,"13364 Sherwood Park Ln, Herndon, VA 20171",4,4.5,3490 per month
259,Townhouse for Rent,"13339 Misty Dawn Dr, Herndon, VA 20171",3,3.5,2900 per month
260,House for Rent,"113 Kingsley Rd SW, Vienna, VA 22180",4,2.0,3400 per month
261,House for Rent,"3150 Siron St, Falls Church, VA 22042",3,2.0,4200 per month
262,House for Rent,"530 Lincoln St NW, Vienna, VA 22180",4,2.0,2995 per month
263,House for Rent,"6118 Bangor Dr, Alexandria, VA 22303",4,2.0,2750 per month
264,Townhouse for Rent,"6860 Williamsburg Pond Ct, Falls Church, VA 22043",3,3.5,4300 per month
265,House for Rent,"8414 W Boulevard Dr, Alexandria, VA 22308",5,2.5,4000 per month
266,House for Rent,"7227 Devereux Ct, Alexandria, VA 22315",5,3.5,3900 per month
267,Townhouse for Rent,"3361 Lakeside View Dr Unit 87, Falls Church, VA 22041",2,2.5,2850 per month
268,House for Rent,"6812 Rosemont Dr, McLean, VA 22101",3,2.5,3900 per month
269,House for Rent,"1601 Colonial Ln, McLean, VA 22102",3,3.5,4300 per month
270,Townhouse for Rent,"2511 Golden Harvest Ct, Herndon, VA 20171",3,2.5,2650 per month
271,House for Rent,"7406 Kelvin Place, Springfield, VA 22151",3,1.5,2800 per month
272,House for Rent,"8228 Riverside Rd, Alexandria, VA 22308",4,3.0,3750 per month
273,House for Rent,"6184 Hardy Dr, McLean, VA 22101",5,3.0,5000 per month
274,House for Rent,"3130 Chichester Ln, Fairfax, VA 22031",3,2.0,3500 per month
275,House for Rent,"3307 Beechtree Ln, Falls Church, VA 22042",5,2.0,4000 per month
276,House for Rent,"1669 East Ave, McLean, VA 22101",4,3.0,4200 per month
277,House for Rent,"5950 Clames Dr, Alexandria, VA 22310",4,2.0,3200 per month
278,House for Rent,"6716 Morning Ride Cir, Alexandria, VA 22315",4,3.5,3900 per month
279,Townhouse for Rent,"6312 Chimney Wood Ct, Alexandria, VA 22306",2,3.5,3450 per month
280,House for Rent,"10220 Cedar Pond Dr, Vienna, VA 22182",6,4.5,5990 per month
281,House for Rent,"6439 Overlook Dr, Alexandria, VA 22312",4,2.0,3500 per month
282,House for Rent,"1715 Hollinwood Dr, Alexandria, VA 22307",4,3.0,4750 per month
283,Townhouse for Rent,"4503 King Edward Ct, Annandale, VA 22003",4,3.5,3500 per month
284,House for Rent,"7400 Spencer Ct, McLean, VA 22102",6,5.5,7000 per month
285,Townhouse for Rent,"8104 Meadow Springs Ct, Vienna, VA 22182",3,2.5,3995 per month
286,Townhouse for Rent,"5803 Banning Place, Burke, VA 22015",3,4.0,2700 per month
287,Townhouse for Rent,"2271 Coppersmith Square, Reston, VA 20191",3,2.5,2400 per month
288,House for Rent,"7916 Bainbridge Rd, Alexandria, VA 22308",3,2.0,3550 per month
289,House for Rent,"7870 Southdown Rd, Alexandria, VA 22308",3,2.0,3950 per month
290,Townhouse for Rent,"5166 Ridgeview Retreat Dr, Chantilly, VA 20151",4,4.5,3700 per month
291,Townhouse for Rent,"3621 Buckeye Ct, Fairfax, VA 22033",4,3.5,2650 per month
292,House for Rent,"903 Timber Ln SW, Vienna, VA 22180",3,2.0,3500 per month
293,Townhouse for Rent,"2978 Thompson Park Ln, Fairfax, VA 22031",3,3.5,3600 per month
294,House for Rent,"2004 Halyard Ln, Reston, VA 20191",4,3.5,5000 per month
295,Townhouse for Rent,"13340 Sherwood Park Ln, Herndon, VA 20171",3,5.0,3400 per month
296,House for Rent,"3777 Vernacchia Dr, Chantilly, VA 20151",5,4.5,4400 per month
297,House for Rent,"4037 Broadwire Dr, Fairfax, VA 22032",5,3.5,3800 per month
298,House for Rent,"1401 Langley Place, McLean, VA 22101",6,6.0,12000 per month
299,House for Rent,"6338 Lincolnia Rd, Alexandria, VA 22312",7,5.0,4950 per month
300,Townhouse for Rent,"2305 Mcgregor Ct, Vienna, VA 22182",4,3.5,3095 per month
301,House for Rent,"10004 Dalroy Ct, Fairfax, VA 22032",4,3.0,3375 per month
302,Townhouse for Rent,"3043 Talking Rock Dr, Fairfax, VA 22031",3,3.5,2600 per month
303,House for Rent,"1904 Great Falls St, McLean, VA 22101",5,3.5,4600 per month
304,House for Rent,"2651 Park Tower Dr Unit 4/307, Vienna, VA 22180",2,2.5,2600 per month
305,House for Rent,"6325 Oak Ridge Dr, Alexandria, VA 22312",3,2.5,3300 per month
306,Townhouse for Rent,"8021 Kidwell Ct Unit 1514N, Vienna, VA 22182",3,2.5,3347 per month
307,House for Rent,"1511 Gingerwood Ct, Vienna, VA 22182",4,4.0,3999 per month
308,House for Rent,"6002 Ridge View Dr, Alexandria, VA 22310",4,2.0,3100 per month
309,House for Rent,"505 Woodshire Ln, Herndon, VA 20170",4,2.5,3599 per month
310,House for Rent,"8313 Riverside Rd, Alexandria, VA 22308",4,2.0,3400 per month
311,Townhouse for Rent,"2414 Curie Ct Unit 39, Herndon, VA 20171",3,2.5,2600 per month
312,House for Rent,"6107 Holly Tree Dr, Alexandria, VA 22310",4,2.5,4000 per month
313,Townhouse for Rent,"7488 Digby Green, Alexandria, VA 22315",3,4.0,2850 per month
314,House for Rent,"6207 Elati Ct, Alexandria, VA 22310",5,3.5,4500 per month
315,House for Rent,"1111 Towlston Rd, McLean, VA 22102",7,9.0,26500 per month
316,House for Rent,"1240 Daleview Dr, McLean, VA 22102",4,3.5,5570 per month
317,House for Rent,"8726 Brook Rd, McLean, VA 22102",5,6.0,7950 per month
318,Townhouse for Rent,"8311 Highcliffe Ct, Annandale, VA 22003",3,4.0,2850 per month
319,Townhouse for Rent,"8064 Criaza Branch Ct, Vienna, VA 22182",3,2.5,3995 per month
320,House for Rent,"9125 Patton Blvd, Alexandria, VA 22309",3,2.0,3595 per month
321,House for Rent,"11560 Holly Briar Ln, Great Falls, VA 22066",6,4.5,5350 per month
322,Townhouse for Rent,"4396 Fair Lakes Ct, Fairfax, VA 22033",3,3.5,3850 per month
323,Townhouse for Rent,"10145 Turnberry Place, Oakton, VA 22124",2,4.0,3000 per month
324,House for Rent,"6324 Waterway Dr, Falls Church, VA 22044",4,3.0,4950 per month
325,House for Rent,"2626 Bowling Green Dr, Vienna, VA 22180",3,3.0,3400 per month
326,House for Rent,"3817 Fort Hill Dr, Alexandria, VA 22310",4,5.0,6000 per month
327,House for Rent,"8524 Doter Dr, Alexandria, VA 22308",5,3.0,4300 per month
328,House for Rent,"7718 Stone Wheat Ct, Alexandria, VA 22315",4,2.5,4000 per month
329,House for Rent,"8833 Seacraft Ct, Springfield, VA 22153",4,2.5,3500 per month
330,House for Rent,"905 Shady Dr SE, Vienna, VA 22180",4,3.0,3250 per month
331,House for Rent,"1221 Merchant Ln, McLean, VA 22101",6,5.0,6500 per month
332,Townhouse for Rent,"2909 Mainstone Dr, Fairfax, VA 22031",3,2.0,3950 per month
333,House for Rent,"2709 Elsmore St, Fairfax, VA 22031",5,3.5,3990 per month
334,House for Rent,"6251 Linway Terrace, McLean, VA 22101",6,7.0,8700 per month
335,House for Rent,"2357 Central Ave, Vienna, VA 22182",7,4.5,4500 per month
336,House for Rent,"2456 Arctic Fox Way, Reston, VA 20191",5,3.5,4500 per month
337,Townhouse for Rent,"2111 Hardbower Way, Alexandria, VA 22303",3,3.5,5800 per month
338,House for Rent,"9101 Oak Chase Ct Unit BASEMENT, Fairfax Station, VA 22039",2,Na,1850 per month
339,Townhouse for Rent,"4584 Conwell Dr, Annandale, VA 22003",3,2.0,2695 per month
340,House for Rent,"1807 Youngblood St, McLean, VA 22101",4,3.0,4280 per month
341,House for Rent,"3615 Tallwood Terrace, Falls Church, VA 22041",4,3.0,4000 per month
342,House for Rent,"1012 Union Church Rd, McLean, VA 22102",6,9.0,12500 per month
343,Townhouse for Rent,"8415 Benecia Ct Unit 37, Alexandria, VA 22309",2,Na,1700 per month
344,House for Rent,"8528 Engleside St, Alexandria, VA 22309",4,4.5,3330 per month
345,House for Rent,"1159 Mill Garden Ct, Great Falls, VA 22066",6,6.5,8000 per month
346,Townhouse for Rent,"8410 Chaucer House Ct, Lorton, VA 22079",3,3.5,6000 per month
347,House for Rent,"1289 Ballantrae Farm Dr, McLean, VA 22101",9,8.5,19800 per month
348,House for Rent,"2700 Dorr Ave Unit 2 BR 2 BA, Fairfax, VA 22031",2,2.0,2808 per month
349,House for Rent,"2053 Pimmit Dr, Falls Church, VA 22043",5,4.5,7000 per month
350,Townhouse for Rent,"9445 Van Arsdale Dr, Vienna, VA 22181",3,3.5,3400 per month
351,Townhouse for Rent,"2408 Simpkins Farm Dr, Herndon, VA 20171",3,6.0,2999 per month
352,House for Rent,"1501 Lafayette Dr, Alexandria, VA 22308",5,4.5,4975 per month
353,Townhouse for Rent,"7285 Olde Lantern Way, Springfield, VA 22152",3,4.0,3200 per month
354,House for Rent,"5960 Lantana Trail, Lorton, VA 22079",5,5.5,5500 per month
355,Townhouse for Rent,"2706 Jetstream Rd, Herndon, VA 20171",3,3.5,3300 per month
356,House for Rent,"10000 Cloverdale Place, Vienna, VA 22182",5,4.5,7995 per month
357,Townhouse for Rent,"7425 Duddington Dr, Alexandria, VA 22315",3,3.5,2750 per month
358,House for Rent,"7332 Pinecastle Rd, Falls Church, VA 22043",3,2.5,3695 per month
359,Townhouse for Rent,"8215 White Stone Ln, Springfield, VA 22153",2,1.5,1975 per month
360,House for Rent,"833 Herbert Springs Rd, Alexandria, VA 22308",7,6.5,12000 per month
361,House for Rent,"1335 Butter Churn Dr, Herndon, VA 20170",4,3.5,3500 per month
362,House for Rent,"709 Ellsworth Ave, Great Falls, VA 22066",3,2.0,3500 per month
363,House for Rent,"405 Walker St SW, Vienna, VA 22180",5,4.5,5000 per month
364,Townhouse for Rent,"11996 Sentinel Point Ct, Reston, VA 20191",3,2.5,2850 per month
365,House for Rent,"6652 Chilton Ct, McLean, VA 22101",4,3.0,4600 per month
366,Townhouse for Rent,"6848 Perry Penney Dr, Annandale, VA 22003",2,2.0,2100 per month
367,Townhouse for Rent,"4614 Hummingbird Way Unit 99, Fairfax, VA 22033",3,2.5,2400 per month
368,Townhouse for Rent,"14840 Lynhodge Ct, Centreville, VA 20120",3,2.0,2300 per month
369,Townhouse for Rent,"3015 Kings Village Rd, Alexandria, VA 22306",4,2.5,2800 per month
370,House for Rent,"7924 Lewinsville Rd, McLean, VA 22102",6,5.0,4990 per month
371,Townhouse for Rent,"2434 Old Farmhouse Ct, Herndon, VA 20171",3,3.5,2690 per month
372,House for Rent,"3215 Spring Rain Ct, Herndon, VA 20171",6,4.5,5200 per month
373,Townhouse for Rent,"13202 Windy Oak Way, Herndon, VA 20171",3,3.5,3150 per month
374,Townhouse for Rent,"4663 Carisbrooke Ln, Fairfax, VA 22030",3,4.0,3000 per month
375,Townhouse for Rent,"7515 Manigold Ct, Alexandria, VA 22315",2,1.5,2300 per month
376,House for Rent,"1108 Waynewood Blvd, Alexandria, VA 22308",5,3.0,4500 per month
377,House for Rent,"2920 Lawrence Dr, Falls Church, VA 22042",4,2.5,4559 per month
378,House for Rent,"12769 Flat Meadow Ln, Herndon, VA 20171",4,2.5,3675 per month
379,House for Rent,"7849 Godolphin Dr, Springfield, VA 22153",5,2.5,3895 per month
380,Townhouse for Rent,"4636 Battenburg Ln Unit 632, Fairfax, VA 22030",3,2.5,3000 per month
381,Townhouse for Rent,"2827 Grovemore Ln, Vienna, VA 22180",3,3.5,3000 per month
382,House for Rent,"4410 Midstone Ln, Fairfax, VA 22033",4,2.0,3200 per month
383,Townhouse for Rent,"9070 Arlington Blvd, Fairfax, VA 22031",3,2.5,2550 per month
384,House for Rent,"1633 Wrightson Dr, McLean, VA 22101",5,4.0,5500 per month
385,House for Rent,"2922 Fairhill Rd, Fairfax, VA 22031",5,3.0,3600 per month
386,House for Rent,"7425 Paxton Rd, Falls Church, VA 22043",3,2.0,2900 per month
387,Townhouse for Rent,"14043 Winding Ridge Ln, Centreville, VA 20121",2,4.0,2700 per month
388,Townhouse for Rent,"5032 Greenhouse Terrace, Centreville, VA 20120",3,4.0,3000 per month
389,Townhouse for Rent,"5720 Fenwick Dr, Alexandria, VA 22303",3,2.0,2495 per month
390,Townhouse for Rent,"8512 Harvest Oak Dr, Vienna, VA 22182",4,3.5,3850 per month
391,House for Rent,"3512 Groveton St, Alexandria, VA 22306",3,2.0,3500 per month
392,House for Rent,"5209 Pumphrey Dr, Fairfax, VA 22032",5,3.0,3900 per month
393,Townhouse for Rent,"3700 Sudley Ford Ct, Fairfax, VA 22033",3,2.0,2425 per month
394,Townhouse for Rent,"13548 Mist Flower Dr, Centreville, VA 20120",3,2.5,2699 per month
395,Townhouse for Rent,"9803 Sweet Mint Dr, Vienna, VA 22181",3,3.5,2495 per month
396,Townhouse for Rent,"14316 Johnny Moore Ct, Centreville, VA 20120",2,2.5,2200 per month
397,Townhouse for Rent,"2527 Banshire Dr, Herndon, VA 20171",3,2.5,2800 per month
398,House for Rent,"4724 Spruce Ave, Fairfax, VA 22030",4,3.0,3400 per month
399,Townhouse for Rent,"2400 Ridgehampton Ct, Reston, VA 20191",2,2.0,2500 per month
400,Townhouse for Rent,"14223 Upperridge Ct, Centreville, VA 20121",3,3.5,2700 per month
401,Townhouse for Rent,"3080 Sugar Ln, Vienna, VA 22181",4,3.5,2900 per month
402,Townhouse for Rent,"2748 Manhattan Place, Vienna, VA 22180",4,3.5,3400 per month
403,Townhouse for Rent,"6603 Netties Ln Unit 1706, Alexandria, VA 22315",2,2.5,2400 per month
404,House for Rent,"6106 Bangor Dr, Alexandria, VA 22303",3,2.0,3800 per month
405,Townhouse for Rent,"9676 Dutchman Dr, Lorton, VA 22079",2,3.5,2750 per month
406,House for Rent,"7203 Statecrest Dr, Annandale, VA 22003",4,3.0,3300 per month
407,House for Rent,"1500 Smith St, McLean, VA 22101",4,3.0,4800 per month
408,Townhouse for Rent,"11409 Summer House Ct, Reston, VA 20194",3,2.5,2999 per month
409,Townhouse for Rent,"4418 Fair Lakes Ct, Chantilly, VA 22033",3,3.5,3800 per month
410,Townhouse for Rent,"14303 Papilion Way, Centreville, VA 20121",3,2.5,2750 per month
411,Townhouse for Rent,"6768 Perry Penney Dr Unit 108, Annandale, VA 22003",3,2.0,2600 per month
412,House for Rent,"6507 Rose Hill Dr, Alexandria, VA 22310",3,1.5,2500 per month
413,Townhouse for Rent,"5925 Prince George Dr Unit 328, Springfield, VA 22152",3,2.0,2875 per month
414,House for Rent,"437 Blair Rd NW, Vienna, VA 22180",5,3.5,4200 per month
415,Townhouse for Rent,"6584 Irvin Ct, Alexandria, VA 22312",3,4.0,3200 per month
416,House for Rent,"1110 Iron Ridge Ct, Herndon, VA 20170",5,3.0,3850 per month
417,House for Rent,"2731 Groveton St, Alexandria, VA 22306",5,3.0,2800 per month
418,Townhouse for Rent,"9388 Peter Roy Ct, Burke, VA 22015",2,4.0,2300 per month
419,House for Rent,"938 Peacock Station Rd, McLean, VA 22102",8,9.5,38500 per month
420,Townhouse for Rent,"1551 Dunterry Place, McLean, VA 22101",3,4.0,3700 per month
421,House for Rent,"6349 Pima St, Alexandria, VA 22312",4,4.0,3700 per month
422,Townhouse for Rent,"11636 Park Green Dr, Fairfax, VA 22030",3,3.5,3000 per month
423,Townhouse for Rent,"8014 Rachelle Place, Vienna, VA 22182",3,4.0,3250 per month
424,Townhouse for Rent,"10212 Sassafras Woods Ct, Burke, VA 22015",3,2.5,2700 per month
425,Townhouse for Rent,"8028 Sleepy View Ln, Springfield, VA 22153",3,3.5,3000 per month
426,House for Rent,"2413 Belle Haven Meadows Ct, Alexandria, VA 22306",4,3.5,4500 per month
427,Townhouse for Rent,"2848 Fairhaven Ave, Alexandria, VA 22303",3,2.0,3230 per month
428,Townhouse for Rent,"3803 Inverness Rd, Fairfax, VA 22033",3,3.5,2900 per month
429,Townhouse for Rent,"2203 Southgate Square, Reston, VA 20191",3,1.5,2195 per month
430,House for Rent,"1006 Kimberwicke Rd, McLean, VA 22102",5,4.5,6500 per month
431,House for Rent,"7209 Matthew Mills Rd, McLean, VA 22101",4,2.0,4500 per month
432,House for Rent,"3028 Leefield Dr, Herndon, VA 20171",4,4.5,5500 per month
433,House for Rent,"2120 Docket Ln, Vienna, VA 22181",4,2.5,3850 per month
434,Townhouse for Rent,"13660 Endeavour Dr Unit 20C, Herndon, VA 20171",3,2.5,2650 per month
435,Townhouse for Rent,"5969 Havener House Way, Centreville, VA 20120",2,Na,2500 per month
436,Townhouse for Rent,"13134 Quail Creek Ln, Fairfax, VA 22033",4,3.5,2800 per month
437,House for Rent,"2975 Caribbean Ct, Fairfax, VA 22031",5,3.5,4000 per month
438,House for Rent,"1160 Sterling Rd, Herndon, VA 20170",3,2.0,3150 per month
439,Townhouse for Rent,"8914 Grandstaff Ct, Springfield, VA 22153",3,3.5,3300 per month
440,Townhouse for Rent,"7475 Lone Star Rd, Lorton, VA 22079",2,1.5,2600 per month
441,Townhouse for Rent,"2435 Liberty Loop, Herndon, VA 20171",3,4.0,3500 per month
442,Townhouse for Rent,"6582 Morning Meadow Dr, Alexandria, VA 22315",3,4.0,2900 per month
443,Townhouse for Rent,"13611 Lavender Mist Ln, Centreville, VA 20120",4,3.5,2900 per month
444,Townhouse for Rent,"8528 Raglan Rd, Vienna, VA 22182",3,3.5,3400 per month
445,House for Rent,"5428 Clubside Ln, Centreville, VA 20120",2,2.0,2600 per month
446,Townhouse for Rent,"2311 Mcgregor Ct, Vienna, VA 22182",3,2.5,3800 per month
447,House for Rent,"9050 Galvin Ln, Lorton, VA 22079",4,6.0,3950 per month
448,Townhouse for Rent,"6028 Selwood Place, Springfield, VA 22152",3,2.5,2800 per month
449,House for Rent,"13360 Keisler Ct, Herndon, VA 20170",4,2.5,3500 per month
450,House for Rent,"2905 Taj Dr, Oakton, VA 22124",7,5.0,9500 per month
451,Townhouse for Rent,"13929 Airfoil Rd, Herndon, VA 20171",3,5.0,3200 per month
452,Townhouse for Rent,"2325 Glade Bank Way, Reston, VA 20191",3,2.5,2950 per month
453,Townhouse for Rent,"2515 Isham Randolph Dr, Herndon, VA 20171",3,3.5,2500 per month
454,Townhouse for Rent,"3913 Kathryn Jean Ct, Fairfax, VA 22033",3,3.5,3700 per month
455,Townhouse for Rent,"14467 Cool Oak Ln, Centreville, VA 20121",2,1.5,1950 per month
456,House for Rent,"1828 Youngblood St, McLean, VA 22101",4,3.5,3650 per month
457,House for Rent,"6105 Innisvale Dr, Fairfax Station, VA 22039",5,4.5,6500 per month
458,House for Rent,"2509 Foxcroft Way, Reston, VA 20191",4,3.0,3500 per month
459,Townhouse for Rent,"2555 Thorncroft Place, Herndon, VA 20171",3,2.5,2800 per month
460,Townhouse for Rent,"6643 Madison Mclean Dr, McLean, VA 22101",3,3.5,4500 per month
461,House for Rent,"11896 Fawn Ridge Ln, Reston, VA 20194",5,4.5,5500 per month
462,Townhouse for Rent,"4631 Carisbrooke Ln, Fairfax, VA 22030",3,3.5,3300 per month
463,Townhouse for Rent,"7709 Trevino Ln, Falls Church, VA 22043",3,2.0,2300 per month
464,House for Rent,"6316 Bren Mar Dr, Alexandria, VA 22312",4,2.0,3000 per month
465,Townhouse for Rent,"9354 Mccarthy Woods Ct, Burke, VA 22015",3,2.5,3000 per month
466,Townhouse for Rent,"7022 Braddock Mews Place, Springfield, VA 22151",4,4.0,3200 per month
467,Townhouse for Rent,"13517 Bannacker Place, Herndon, VA 20171",3,4.0,2600 per month
468,Townhouse for Rent,"13142 Copper Brook Way, Herndon, VA 20171",3,4.0,2700 per month
469,Townhouse for Rent,"2523 James Maury Dr, Herndon, VA 20171",2,2.5,2850 per month
470,Townhouse for Rent,"2501 Bronze Stone Place, Herndon, VA 20171",4,4.0,2750 per month
471,House for Rent,"1654 Great Falls St, McLean, VA 22101",5,5.0,8500 per month
472,Townhouse for Rent,"4749 Thornbury Dr, Fairfax, VA 22030",3,2.5,3400 per month
473,House for Rent,"2784 Welbourne Ct, Oakton, VA 22124",4,3.5,6500 per month
474,House for Rent,"6206 Winnepeg Dr, Burke, VA 22015",4,3.0,3700 per month
475,Townhouse for Rent,"2168 Golf Course Dr, Reston, VA 20191",3,4.0,3250 per month
476,House for Rent,"902 Spring Knoll Dr, Herndon, VA 20170",4,3.5,3900 per month
477,Townhouse for Rent,"8510 Harvest Oak Dr, Vienna, VA 22182",3,3.5,4200 per month
478,House for Rent,"7100 Plandome Ct, Springfield, VA 22153",5,3.5,3250 per month
479,Townhouse for Rent,"8328 Rocky Forge Ct, Springfield, VA 22153",2,2.0,2250 per month
480,Townhouse for Rent,"6314 Over See Ct, Springfield, VA 22152",3,2.5,2500 per month
481,Townhouse for Rent,"11014 Granby Ct, Reston, VA 20191",3,3.5,2800 per month
482,Townhouse for Rent,"7221 Kousa Ln, Springfield, VA 22152",4,3.5,2750 per month
483,House for Rent,"4018 Annandale Rd, Annandale, VA 22003",5,4.5,5890 per month
484,Townhouse for Rent,"44108 Turf Field Square, Chantilly, VA 20152",4,3.5,3400 per month
485,Townhouse for Rent,"4210 Lower Park Dr, Fairfax, VA 22030",3,3.5,3600 per month
486,Townhouse for Rent,"9915 Trosby Ct, Vienna, VA 22181",4,3.5,4300 per month
487,House for Rent,"8702 Arley Dr, Springfield, VA 22153",5,3.0,3600 per month
488,Townhouse for Rent,"6490 Powatan Knoll Ct, Alexandria, VA 22312",3,3.5,3600 per month
489,Townhouse for Rent,"3191 Readsborough Ct, Fairfax, VA 22031",3,4.0,3000 per month
490,Townhouse for Rent,"8191 Singleleaf Ln, Lorton, VA 22079",4,3.5,3000 per month
491,House for Rent,"10118 Walker Lake Dr, Great Falls, VA 22066",5,4.5,7700 per month
492,House for Rent,"7213 Halifax Place, Springfield, VA 22150",5,4.0,4000 per month
493,House for Rent,"11200 Chapel Rd, Fairfax Station, VA 22039",4,3.5,4200 per month
494,Townhouse for Rent,"7064 Elton Way, Alexandria, VA 22315",3,3.5,3200 per month
495,Townhouse for Rent,"1406 Ingleside Ave, McLean, VA 22101",5,4.5,5500 per month
496,Townhouse for Rent,"13918 Baton Rouge Ct, Centreville, VA 20121",3,2.5,2600 per month
497,Townhouse for Rent,"14374 Avocado Ct, Centreville, VA 20121",2,1.5,1890 per month
498,Townhouse for Rent,"9655 Motley Ln, Vienna, VA 22181",3,2.5,3200 per month
499,Townhouse for Rent,"7962 Forest Path Way, Springfield, VA 22153",3,4.0,2600 per month
500,Townhouse for Rent,"109 Fortnightly Blvd, Herndon, VA 20170",3,4.0,2850 per month
501,Townhouse for Rent,"9509 Cherry Oak Ct, Burke, VA 22015",3,2.5,2800 per month
502,Townhouse for Rent,"5707 Waters Edge Landing Ct, Burke, VA 22015",4,3.5,3350 per month
503,Townhouse for Rent,"23013 Potomac Hill Square, Sterling, VA 20166",4,4.0,2800 per month
